name,sample,ms
ec-sign,0,0.08019999999999072
ec-sign,1,0.10620000000000118
ec-sign,2,0.11959999999999127
ec-sign,3,0.1214999999999975
ec-sign,4,0.08250000000001023
ec-sign,5,0.07679999999999154
ec-sign,6,0.07239999999998759
ec-sign,7,0.10329999999999018
ec-sign,8,0.07389999999998054
ec-sign,9,0.07280000000000086
ec-sign,10,0.0765999999999849
ec-sign,11,0.07480000000001041
ec-sign,12,0.07919999999998595
ec-sign,13,0.10820000000001073
ec-sign,14,0.07239999999998759
ec-sign,15,0.07019999999999982
ec-sign,16,0.06940000000000168
ec-sign,17,0.06790000000000873
ec-sign,18,0.06850000000000023
ec-sign,19,0.0911999999999864
ec-sign,20,0.09549999999998704
ec-sign,21,0.07339999999999236
ec-sign,22,0.07090000000002306
ec-sign,23,0.06970000000001164
ec-sign,24,0.06559999999998922
ec-sign,25,0.10480000000001155
ec-sign,26,0.06589999999999918
ec-sign,27,0.065400000000011
ec-sign,28,0.0671000000000106
ec-sign,29,0.07339999999999236
ec-sign,30,0.07339999999999236
ec-sign,31,0.10509999999999309
ec-sign,32,0.08699999999998909
ec-sign,33,0.07140000000001123
ec-sign,34,0.07240000000001601
ec-sign,35,0.06919999999999504
ec-sign,36,0.07120000000000459
ec-sign,37,0.06919999999999504
ec-sign,38,0.08220000000000027
ec-sign,39,0.07429999999999382
ec-verify,0,0.10699999999999932
ec-verify,1,0.10779999999999745
ec-verify,2,0.10540000000000305
ec-verify,3,0.11110000000002174
ec-verify,4,0.12370000000001369
ec-verify,5,0.15569999999999595
ec-verify,6,0.16800000000000637
ec-verify,7,0.11340000000001282
ec-verify,8,0.1325999999999965
ec-verify,9,0.10099999999999909
ec-verify,10,0.09109999999998308
ec-verify,11,0.09139999999999304
ec-verify,12,0.09420000000000073
ec-verify,13,0.0952000000000055
ec-verify,14,0.09030000000001337
ec-verify,15,0.09149999999999636
ec-verify,16,0.09190000000000964
ec-verify,17,0.09260000000000446
ec-verify,18,0.09370000000001255
ec-verify,19,0.09390000000001919
ec-verify,20,0.09069999999999823
ec-verify,21,0.09049999999999159
ec-verify,22,0.09109999999998308
ec-verify,23,0.0911999999999864
ec-verify,24,0.1133000000000095
ec-verify,25,0.10729999999998086
ec-verify,26,0.10099999999999909
ec-verify,27,0.09139999999999304
ec-verify,28,0.08979999999999677
ec-verify,29,0.09600000000000364
ec-verify,30,0.09069999999999823
ec-verify,31,0.08990000000000009
ec-verify,32,0.08859999999998536
ec-verify,33,0.08960000000001855
ec-verify,34,0.09940000000000282
ec-verify,35,0.13190000000000168
ec-verify,36,0.092899999999986
ec-verify,37,0.09090000000000487
ec-verify,38,0.08990000000000009
ec-verify,39,0.10050000000001091
ml-dsa-65-sign,0,1.039999999999992
ml-dsa-65-sign,1,0.4379000000000133
ml-dsa-65-sign,2,2.302199999999999
ml-dsa-65-sign,3,0.4351999999999805
ml-dsa-65-sign,4,0.5677000000000021
ml-dsa-65-sign,5,1.2685000000000173
ml-dsa-65-sign,6,1.127600000000001
ml-dsa-65-sign,7,0.7697000000000003
ml-dsa-65-sign,8,0.6376000000000204
ml-dsa-65-sign,9,0.5712000000000046
ml-dsa-65-sign,10,0.7227999999999781
ml-dsa-65-sign,11,0.6099999999999852
ml-dsa-65-sign,12,0.3067000000000064
ml-dsa-65-sign,13,1.3499000000000194
ml-dsa-65-sign,14,0.9786000000000001
ml-dsa-65-sign,15,1.622099999999989
ml-dsa-65-sign,16,0.5297999999999945
ml-dsa-65-sign,17,1.4817999999999927
ml-dsa-65-sign,18,2.3336000000000183
ml-dsa-65-sign,19,0.4899000000000058
ml-dsa-65-sign,20,0.4794000000000267
ml-dsa-65-sign,21,0.429300000000012
ml-dsa-65-sign,22,1.184599999999989
ml-dsa-65-sign,23,0.4328999999999894
ml-dsa-65-sign,24,1.3519000000000005
ml-dsa-65-sign,25,1.110900000000015
ml-dsa-65-sign,26,0.7259999999999991
ml-dsa-65-sign,27,0.3399000000000001
ml-dsa-65-sign,28,0.5901000000000067
ml-dsa-65-sign,29,0.39289999999999736
ml-dsa-65-sign,30,0.5816999999999837
ml-dsa-65-sign,31,0.5863999999999976
ml-dsa-65-sign,32,1.082400000000007
ml-dsa-65-sign,33,0.30579999999997654
ml-dsa-65-sign,34,0.42900000000000205
ml-dsa-65-sign,35,0.9399999999999977
ml-dsa-65-sign,36,1.6642999999999972
ml-dsa-65-sign,37,1.3853000000000009
ml-dsa-65-sign,38,0.3369999999999891
ml-dsa-65-sign,39,0.3334999999999866
ml-dsa-65-verify,0,0.17430000000001655
ml-dsa-65-verify,1,0.17279999999999518
ml-dsa-65-verify,2,0.16749999999998977
ml-dsa-65-verify,3,0.1676999999999964
ml-dsa-65-verify,4,0.16729999999998313
ml-dsa-65-verify,5,0.20900000000000318
ml-dsa-65-verify,6,0.22010000000000218
ml-dsa-65-verify,7,0.18530000000001223
ml-dsa-65-verify,8,0.1699000000000126
ml-dsa-65-verify,9,0.16799999999997794
ml-dsa-65-verify,10,0.17490000000000805
ml-dsa-65-verify,11,0.17040000000000077
ml-dsa-65-verify,12,0.16730000000001155
ml-dsa-65-verify,13,0.2436999999999898
ml-dsa-65-verify,14,0.28589999999999804
ml-dsa-65-verify,15,0.29579999999998563
ml-dsa-65-verify,16,0.3007000000000062
ml-dsa-65-verify,17,0.2828000000000088
ml-dsa-65-verify,18,0.29929999999998813
ml-dsa-65-verify,19,0.2973999999999819
ml-dsa-65-verify,20,0.2980999999999767
ml-dsa-65-verify,21,0.2790999999999997
ml-dsa-65-verify,22,0.30349999999998545
ml-dsa-65-verify,23,0.2867000000000246
ml-dsa-65-verify,24,0.2775000000000034
ml-dsa-65-verify,25,0.2470000000000141
ml-dsa-65-verify,26,0.18279999999998608
ml-dsa-65-verify,27,0.17359999999999332
ml-dsa-65-verify,28,0.17259999999998854
ml-dsa-65-verify,29,0.17429999999998813
ml-dsa-65-verify,30,0.17189999999999372
ml-dsa-65-verify,31,0.1711999999999989
ml-dsa-65-verify,32,0.17730000000000246
ml-dsa-65-verify,33,0.1745000000000232
ml-dsa-65-verify,34,0.16920000000001778
ml-dsa-65-verify,35,0.16859999999999786
ml-dsa-65-verify,36,0.16890000000000782
ml-dsa-65-verify,37,0.18089999999997985
ml-dsa-65-verify,38,0.16899999999998272
ml-dsa-65-verify,39,0.17490000000000805
ml-dsa-87-sign,0,0.7930000000000064
ml-dsa-87-sign,1,2.1266999999999996
ml-dsa-87-sign,2,1.8030000000000257
ml-dsa-87-sign,3,1.6855999999999938
ml-dsa-87-sign,4,1.555499999999995
ml-dsa-87-sign,5,1.6358000000000175
ml-dsa-87-sign,6,1.8737999999999886
ml-dsa-87-sign,7,0.8724999999999739
ml-dsa-87-sign,8,0.899799999999999
ml-dsa-87-sign,9,0.929000000000002
ml-dsa-87-sign,10,0.6476999999999862
ml-dsa-87-sign,11,3.441400000000016
ml-dsa-87-sign,12,2.66640000000001
ml-dsa-87-sign,13,2.4033000000000015
ml-dsa-87-sign,14,1.2357000000000085
ml-dsa-87-sign,15,1.7019999999999982
ml-dsa-87-sign,16,0.9269000000000176
ml-dsa-87-sign,17,0.456799999999987
ml-dsa-87-sign,18,2.216500000000025
ml-dsa-87-sign,19,0.6920999999999822
ml-dsa-87-sign,20,2.01339999999999
ml-dsa-87-sign,21,0.6402999999999963
ml-dsa-87-sign,22,0.997099999999989
ml-dsa-87-sign,23,0.45170000000001664
ml-dsa-87-sign,24,0.9311000000000149
ml-dsa-87-sign,25,0.6556999999999675
ml-dsa-87-sign,26,2.3636000000000195
ml-dsa-87-sign,27,0.8467999999999734
ml-dsa-87-sign,28,1.1143000000000143
ml-dsa-87-sign,29,2.293299999999988
ml-dsa-87-sign,30,0.5488000000000284
ml-dsa-87-sign,31,1.2443000000000097
ml-dsa-87-sign,32,1.6256999999999948
ml-dsa-87-sign,33,1.1256999999999948
ml-dsa-87-sign,34,1.3134000000000015
ml-dsa-87-sign,35,2.382000000000005
ml-dsa-87-sign,36,0.8704000000000178
ml-dsa-87-sign,37,0.49739999999997053
ml-dsa-87-sign,38,0.4519999999999982
ml-dsa-87-sign,39,0.4830000000000041
ml-dsa-87-verify,0,0.27539999999999054
ml-dsa-87-verify,1,0.26849999999996044
ml-dsa-87-verify,2,0.4310999999999581
ml-dsa-87-verify,3,0.5061999999999784
ml-dsa-87-verify,4,0.45839999999998327
ml-dsa-87-verify,5,0.5729999999999791
ml-dsa-87-verify,6,0.48579999999998336
ml-dsa-87-verify,7,0.4621999999999957
ml-dsa-87-verify,8,0.4682999999999993
ml-dsa-87-verify,9,0.4843999999999937
ml-dsa-87-verify,10,0.4804999999999495
ml-dsa-87-verify,11,0.46910000000002583
ml-dsa-87-verify,12,0.4708999999999719
ml-dsa-87-verify,13,0.6691000000000145
ml-dsa-87-verify,14,0.5611999999999853
ml-dsa-87-verify,15,0.4474999999999909
ml-dsa-87-verify,16,0.45029999999997017
ml-dsa-87-verify,17,0.4510999999999967
ml-dsa-87-verify,18,0.7013999999999783
ml-dsa-87-verify,19,0.5507000000000062
ml-dsa-87-verify,20,0.6812999999999647
ml-dsa-87-verify,21,0.6145000000000209
ml-dsa-87-verify,22,0.6114000000000033
ml-dsa-87-verify,23,0.34700000000003683
ml-dsa-87-verify,24,0.2903999999999769
ml-dsa-87-verify,25,0.2645999999999731
ml-dsa-87-verify,26,0.28590000000002647
ml-dsa-87-verify,27,0.30589999999995143
ml-dsa-87-verify,28,0.2820000000000391
ml-dsa-87-verify,29,0.26600000000001955
ml-dsa-87-verify,30,0.26380000000000337
ml-dsa-87-verify,31,0.380299999999977
ml-dsa-87-verify,32,0.4551000000000158
ml-dsa-87-verify,33,0.44149999999996226
ml-dsa-87-verify,34,0.39179999999998927
ml-dsa-87-verify,35,0.27760000000000673
ml-dsa-87-verify,36,0.27940000000000964
ml-dsa-87-verify,37,0.2796000000000163
ml-dsa-87-verify,38,0.28940000000000055
ml-dsa-87-verify,39,0.2785000000000082
proof-1,0,0.047000000000025466
proof-1,1,0.07080000000001974
proof-1,2,0.08009999999995898
proof-1,3,0.06150000000002365
proof-1,4,0.07299999999997908
proof-1,5,0.04719999999997526
proof-1,6,0.07699999999999818
proof-1,7,0.04179999999996653
proof-1,8,0.05340000000001055
proof-1,9,0.048800000000028376
proof-1,10,0.04080000000004702
proof-1,11,0.05009999999998627
proof-1,12,0.03480000000001837
proof-1,13,0.033799999999985175
proof-1,14,0.03260000000000218
proof-1,15,0.09500000000002728
proof-1,16,0.047000000000025466
proof-1,17,0.17680000000001428
proof-1,18,0.069500000000005
proof-1,19,0.04210000000000491
proof-16,0,0.2806000000000495
proof-16,1,0.2851999999999748
proof-16,2,0.3453000000000088
proof-16,3,0.25670000000002346
proof-16,4,0.29930000000001655
proof-16,5,0.257000000000005
proof-16,6,0.29980000000000473
proof-16,7,0.400100000000009
proof-16,8,0.3836000000000013
proof-16,9,0.3865000000000123
proof-16,10,0.47519999999997253
proof-16,11,0.6208000000000311
proof-16,12,0.30450000000001864
proof-16,13,0.3340000000000032
proof-16,14,0.28710000000000946
proof-16,15,0.3451000000000022
proof-16,16,0.27530000000001564
proof-16,17,0.35450000000003
proof-16,18,0.31349999999997635
proof-16,19,0.29930000000001655
proof-256,0,0.35259999999999536
proof-256,1,0.4200999999999908
proof-256,2,0.40090000000003556
proof-256,3,0.341700000000003
proof-256,4,0.35309999999998354
proof-256,5,0.3423000000000229
proof-256,6,0.5434999999999945
proof-256,7,0.370900000000006
proof-256,8,4.0306999999999675
proof-256,9,0.39610000000004675
proof-256,10,0.3661000000000172
proof-256,11,0.34739999999999327
proof-256,12,0.3009000000000128
proof-256,13,0.3369999999999891
proof-256,14,0.3283000000000129
proof-256,15,0.337099999999964
proof-256,16,0.32929999999998927
proof-256,17,0.29410000000001446
proof-256,18,0.34669999999999845
proof-256,19,0.3453000000000088
proof-4096,0,0.40039999999999054
proof-4096,1,0.4051999999999225
proof-4096,2,0.43669999999997344
proof-4096,3,0.43100000000004
proof-4096,4,0.45689999999990505
proof-4096,5,0.7096000000001368
proof-4096,6,0.4175999999999931
proof-4096,7,0.4938999999999396
proof-4096,8,0.4332999999999174
proof-4096,9,0.4273000000000593
proof-4096,10,0.40609999999992397
proof-4096,11,0.4053999999998723
proof-4096,12,0.46329999999989013
proof-4096,13,0.4860000000001037
proof-4096,14,0.5043000000000575
proof-4096,15,0.40099999999983993
proof-4096,16,0.4293999999999869
proof-4096,17,0.43079999999986285
proof-4096,18,0.3893000000000484
proof-4096,19,0.45650000000000546
proof-16384,0,1.007900000000518
proof-16384,1,0.9844000000002779
proof-16384,2,1.1406999999999243
proof-16384,3,0.9742999999998574
proof-16384,4,1.0133999999998196
proof-16384,5,0.7734000000000378
proof-16384,6,0.6067999999995664
proof-16384,7,0.9674000000004526
proof-16384,8,0.7554000000000087
proof-16384,9,0.5973000000003594
proof-16384,10,0.6118999999998778
proof-16384,11,0.8481999999994514
proof-16384,12,0.8362999999999374
proof-16384,13,0.849699999999757
proof-16384,14,0.9512999999997191
proof-16384,15,0.8092999999998938
proof-16384,16,3.4318999999995867
proof-16384,17,0.829899999999725
proof-16384,18,0.7472000000007029
proof-16384,19,0.5784999999996217
